{"_wandb":{"runtime":9432},"train/learning_rate":0,"eval/samples_per_second":20.084,"train/grad_norm":0.09529480672941704,"train/global_step":12,"eval/steps_per_second":5.022,"_runtime":9290.915904544,"eval/runtime":517.2753,"train_samples_per_second":8.942,"_step":19,"train_loss":4.264212508996327,"train_steps_per_second":0.001,"_timestamp":1.7400883627283893e+09,"train/loss":3.6062,"train/epoch":1.8930232558139535,"train_runtime":9292.662,"total_flos":2.13683798016e+13,"eval/loss":1.4350866079330444}